{"count":1,"self":58.893945599999995,"total":117.8084348,"children":{"InitializeActuators":{"count":4,"self":0.0029126,"total":0.0029126,"children":null},"InitializeSensors":{"count":4,"self":0.0019990999999999997,"total":0.0019990999999999997,"children":null},"AgentSendState":{"count":50117,"self":0.1391575,"total":1.8516336,"children":{"CollectObservations":{"count":40096,"self":0.94503629999999994,"total":0.94503629999999994,"children":null},"WriteActionMask":{"count":40096,"self":0.0210268,"total":0.0210268,"children":null},"RequestDecision":{"count":40096,"self":0.094429699999999991,"total":0.746413,"children":{"AgentInfo.ToProto":{"count":40096,"self":0.093042599999999989,"total":0.65198329999999993,"children":{"GenerateSensorData":{"count":40096,"self":0.5589407,"total":0.5589407,"children":null}}}}}}},"DecideAction":{"count":50117,"self":56.479008,"total":56.479006299999995,"children":null},"AgentAct":{"count":50117,"self":0.5559333,"total":0.5559333,"children":null},"AgentInfo.ToProto":{"count":907,"self":0.0069974,"total":0.0220051,"children":{"GenerateSensorData":{"count":907,"self":0.015007699999999999,"total":0.015007699999999999,"children":null}}}},"gauges":{"ArcadeDriver.CumulativeReward":{"count":907,"max":1078.52234,"min":11.3671722,"runningAverage":155.165634,"value":128.258942,"weightedAverage":171.688675}},"metadata":{"timer_format_version":"0.1.0","start_time_seconds":"1640059436","unity_version":"2020.3.24f1","command_line_arguments":"D:\\Program Files\\2020.3.24f1\\Editor\\Unity.exe -projectpath D:\/CloudProject\/Test -useHub -hubIPC -cloudEnvironment production -hubSessionId a4bc5ed0-6210-11ec-a69e-f1f2581081ea -accessToken BC3Y48g__87GcWDruhRhzjC66JoIbdHQNpU8l4DYruA011f","communication_protocol_version":"1.5.0","com.unity.ml-agents_version":"2.1.0-exp.1","scene_name":"Training","end_time_seconds":"1640059553"}}